product_id,product_name,category,price
1,Throw,Popular,65.06
2,Mention,Language,36.72
3,Have,Stock,474.98
4,Local,Fast,464.1
5,Around,Decide,435.69
6,Hit,Report,411.87
7,Democrat,Start,16.73
8,Teacher,Defense,349.96
9,Course,Total,64.53
10,Analysis,Capital,230.53
11,Order,Law,21.15
12,Serious,Beautiful,112.41
13,Else,Speak,273.62
14,However,Class,109.86
15,Ball,A,266.4
16,Do,Quickly,136.74
17,Return,Place,246.68
18,Program,Practice,367.66
19,Again,Chance,79.26
20,Attention,Worker,352.39
21,Fight,Often,19.01
22,Forget,Kitchen,295.67
23,Surface,Recent,335.13
24,Involve,None,31.31
25,Eye,Recently,93.46
26,Street,Seven,149.17
27,Box,Score,396.7
28,Pretty,Maybe,312.8
29,Meet,Open,36.01
30,Coach,Finally,330.83
31,See,Claim,14.08
32,Organization,Reflect,200.44
33,Theory,Run,142.94
34,Realize,Marriage,427.52
35,Fight,Medical,333.45
36,Avoid,Give,433.5
37,Really,Board,19.35
38,Art,Forward,435.03
39,Development,Doctor,328.21
40,Late,Industry,123.27
41,Mind,Really,196.54
42,Generation,Less,488.54
43,Nice,Street,58.81
44,Address,Certain,164.57
45,Impact,Anyone,434.72
46,Out,Room,270.46
47,Statement,Performance,101.34
48,Service,Less,255.32
49,Doctor,Traditional,234.41
50,Class,Yet,463.91
51,Security,Smile,20.53
52,Show,You,131.22
53,Sport,Health,269.41
54,Spring,Also,173.45
55,Several,The,202.77
56,Need,If,86.93
57,Wait,How,179.92
58,Perhaps,Power,182.44
59,Exactly,Personal,316.36
60,Among,Body,125.74
61,Avoid,Return,489.34
62,Benefit,Worker,255.61
63,Loss,Quality,407.83
64,Bank,Career,316.64
65,There,Significant,440.55
66,Customer,Office,446.3
67,Usually,Former,409.28
68,Along,Top,24.44
69,Social,Sing,281.92
70,Energy,Individual,147.29
71,Seat,National,84.34
72,Memory,Girl,449.62
73,Ahead,Other,331.9
74,Present,Traditional,53.02
75,Machine,Face,197.28
76,Blood,Film,480.7
77,Newspaper,Bar,310.1
78,Everything,Kitchen,316.51
79,Its,Feeling,121.44
80,These,Term,127.78
81,Low,Owner,84.85
82,Perhaps,Economic,485.56
83,Art,Describe,455.77
84,Old,Bit,171.35
85,Make,Space,275.69
86,Maybe,West,111.31
87,Successful,Because,77.9
88,Save,Begin,275.26
89,East,Front,402.05
90,Maybe,I,432.67
91,Direction,Something,161.41
92,Public,Public,355.52
93,Born,Second,266.66
94,Keep,Number,76.27
95,Suffer,Friend,497.89
96,Own,Forget,488.13
97,Study,Air,81.12
98,Character,Conference,467.18
99,Line,Impact,459.38
100,Hair,Smile,165.57
101,Poor,Threat,283.1
102,Condition,Car,474.81
103,Military,Bit,68.01
104,For,National,165.62
105,Job,Analysis,441.02
106,With,Increase,366.27
107,Anyone,Sense,385.06
108,Become,Room,441.26
109,Animal,Realize,212.88
110,Admit,Still,211.51
111,Instead,Action,227.07
112,Public,Senior,467.55
113,Politics,Else,448.12
114,Which,Social,467.29
115,Reach,Issue,144.16
116,Teacher,Enjoy,391.76
117,Level,Condition,62.32
118,Many,During,100.53
119,Final,Reveal,383.6
120,Approach,Hope,309.87
121,Ability,Sister,140.76
122,Phone,Can,287.85
123,Risk,Oil,123.15
124,Maintain,Gas,123.77
125,Around,Trial,346.82
126,At,Congress,186.04
127,Must,Check,347.19
128,Dinner,Phone,243.54
129,Cause,Reason,256.14
130,Hospital,Behind,306.31
131,Professional,Late,358.89
132,Republican,Tell,193.24
133,Risk,Health,427.54
134,Stay,Inside,250.81
135,Information,Better,77.38
136,I,Decision,104.7
137,Six,Run,25.79
138,Trial,Want,384.62
139,Away,Assume,17.36
140,Off,Think,142.23
141,Across,Less,212.39
142,Huge,Simple,373.76
143,Between,Task,494.24
144,About,Effect,381.31
145,New,Successful,42.41
146,Whether,Pressure,464.28
147,Ground,Myself,492.96
148,Stop,Left,434.89
149,Either,Bar,250.07
150,Talk,Raise,169.2
151,Long,Religious,234.2
152,Amount,Fill,130.92
153,According,Much,208.38
154,Money,Figure,30.49
155,Assume,Responsibility,370.31
156,Themselves,Fund,196.38
157,Against,Experience,163.32
158,Black,Foot,309.64
159,According,Wind,373.81
160,Wide,True,300.96
161,Citizen,Decide,267.36
162,Social,All,439.13
163,Challenge,Above,395.59
164,Cause,Majority,265.12
165,Share,Race,231.29
166,But,Final,415.23
167,Condition,Stay,30.78
168,Scientist,Green,497.96
169,Individual,Teacher,264.16
170,Opportunity,Republican,203.85
171,Them,Source,370.23
172,Discover,Watch,283.27
173,Tv,Little,262.9
174,Yet,Sing,319.02
175,Positive,Middle,34.15
176,Analysis,Manager,152.68
177,From,Wife,205.04
178,Big,Fill,159.23
179,Through,Campaign,415.53
180,Skill,Raise,236.06
181,Also,View,217.01
182,Campaign,Finally,310.44
183,Win,Way,36.73
184,There,Kitchen,263.32
185,Ball,Term,79.7
186,Sort,Thought,416.65
187,Who,Smile,231.33
188,Walk,Thank,364.1
189,Office,Strong,65.45
190,When,Half,391.58
191,Author,Trip,469.54
192,Similar,Black,351.1
193,Human,More,76.3
194,Others,Develop,212.64
195,Deal,Bill,230.93
196,Strategy,Interest,97.65
197,Exist,Election,299.25
198,She,Deep,359.19
199,Per,Sometimes,108.95
200,Brother,Continue,232.79
201,Accept,Value,132.54
202,Stay,Hit,348.94
203,Idea,Doctor,454.51
204,Whole,Town,400.28
205,Major,Stock,362.0
206,Least,Visit,70.54
207,Power,Eight,65.94
208,National,Season,230.21
209,Wear,Lead,187.84
210,Me,Debate,266.67
211,Threat,Among,198.2
212,Attention,Go,397.62
213,Among,Loss,260.72
214,This,Simple,475.38
215,Break,Head,195.55
216,Father,Major,196.5
217,Positive,Rise,386.45
218,Focus,Mouth,457.0
219,Base,Teach,287.09
220,Beat,Hundred,333.17
221,Strong,International,83.54
222,Suggest,Two,435.72
223,Yard,Arrive,97.64
224,Standard,Long,358.9
225,Large,Article,215.6
226,Drop,Culture,161.66
227,Think,Their,386.63
228,Country,What,228.67
229,Operation,Trial,316.96
230,Citizen,Great,67.6
231,Six,Agency,74.47
232,Civil,Loss,109.4
233,Him,Serve,315.05
234,Brother,I,134.02
235,Out,Late,234.73
236,I,Last,429.15
237,Even,Another,276.32
238,Spring,Would,12.82
239,Central,Imagine,442.52
240,Which,Parent,126.56
241,Whose,Put,298.54
242,Performance,Report,243.1
243,Write,Heavy,210.97
244,Girl,After,48.91
245,Movement,Myself,304.05
246,Program,Would,129.91
247,Imagine,Herself,278.2
248,Campaign,Seek,313.69
249,Lead,Choose,283.2
250,Like,Last,414.37
251,Child,Beat,33.97
252,Boy,Anyone,82.65
253,At,Kitchen,330.11
254,Water,Must,27.99
255,Two,Practice,428.38
256,Memory,It,336.83
257,Again,Hotel,420.63
258,Trip,Half,156.24
259,Stay,Trade,460.99
260,Clearly,Throw,34.03
261,Tax,Simple,214.31
262,General,Determine,97.34
263,Environment,Century,339.32
264,Too,Image,309.43
265,Fish,Source,348.84
266,Stop,Environmental,301.53
267,Teacher,Model,395.78
268,Physical,Experience,96.94
269,In,Tree,233.12
270,Four,Both,293.69
271,General,Range,466.43
272,Also,Security,55.63
273,Close,Event,156.65
274,Seat,Attack,190.6
275,Fact,Couple,195.68
276,Wind,Remember,43.16
277,Single,Expert,219.39
278,Close,Address,279.73
279,Wear,Represent,153.49
280,Sense,Soldier,75.93
281,Because,Third,350.36
282,Three,Ever,144.47
283,National,Deal,268.26
284,Record,Outside,267.08
285,Structure,Least,350.96
286,Change,Nature,309.91
287,Whole,Federal,63.56
288,Gas,Myself,367.57
289,These,Three,318.2
290,Successful,Develop,493.72
291,Everyone,Friend,246.99
292,Provide,Past,347.44
293,Network,Store,467.61
294,Apply,Sport,493.28
295,Glass,Important,150.72
296,Safe,Apply,308.33
297,Man,Account,165.08
298,Yourself,Accept,267.44
299,Hair,Us,497.56
300,Prepare,Audience,183.39
301,Third,Old,73.56
302,Get,Receive,285.69
303,Able,Rich,264.66
304,Up,Clearly,319.61
305,Conference,Account,251.33
306,Financial,Week,98.15
307,Change,Must,308.61
308,Enter,Method,357.21
309,Rather,Born,489.84
310,Speak,Impact,10.77
311,Certainly,Project,21.75
312,Kid,Direction,316.48
313,Dinner,Nice,67.78
314,Election,Very,425.55
315,House,Ok,401.79
316,Country,Campaign,499.5
317,Dream,Person,212.88
318,Business,Dinner,173.56
319,Receive,See,284.6
320,Major,Research,322.38
321,Professional,Party,15.54
322,Full,Program,108.58
323,Field,Put,148.0
324,Most,Check,397.2
325,Level,Me,160.81
326,Modern,Beat,258.28
327,Yes,Others,168.72
328,Capital,Beyond,13.0
329,Three,Move,346.06
330,Rich,Person,177.27
331,Daughter,Parent,364.95
332,Class,Surface,311.84
333,Able,Discussion,24.27
334,Clear,Operation,96.06
335,Adult,Thought,171.95
336,Institution,Total,175.59
337,Believe,Born,339.51
338,Road,Popular,458.92
339,Design,Nor,400.65
340,Power,Mean,326.37
341,Suffer,Type,245.93
342,Public,Pm,317.33
343,Case,Career,447.11
344,Address,Big,273.11
345,Easy,Job,174.2
346,Born,Go,394.15
347,Star,Able,212.84
348,Need,Bill,373.87
349,Just,Thus,419.2
350,Listen,Network,156.68
351,Large,Back,365.23
352,Theory,Make,164.6
353,Sign,Since,272.58
354,Stock,High,112.05
355,Technology,Loss,345.89
356,Maintain,Know,401.77
357,Far,Size,445.13
358,Food,Across,183.26
359,National,Board,485.11
360,Usually,Much,147.43
361,Computer,Almost,25.27
362,Could,Nature,491.97
363,Mrs,Lawyer,316.99
364,Skill,Seem,422.78
365,Middle,Less,289.78
366,Once,Return,200.89
367,Activity,Thousand,301.64
368,Moment,Front,433.65
369,Which,So,378.25
370,Day,Car,355.58
371,Possible,Card,164.1
372,Assume,Its,25.5
373,Animal,Catch,212.8
374,Will,Follow,253.56
375,They,Picture,126.44
376,Way,Stay,231.43
377,Firm,Before,475.86
378,Population,Goal,115.91
379,Lay,Career,158.14
380,Drug,Rich,64.99
381,Almost,National,394.62
382,Save,Possible,391.12
383,Particular,Down,457.54
384,Who,Concern,227.45
385,Imagine,Mrs,22.22
386,Key,Both,246.5
387,Include,What,255.03
388,Trial,Style,103.2
389,List,These,462.58
390,Sometimes,International,368.9
391,Think,Turn,266.58
392,Leave,Least,390.01
393,Contain,Green,80.21
394,Out,Student,437.18
395,Human,So,412.85
396,Almost,Be,469.63
397,Project,Method,341.59
398,Close,Yourself,75.03
399,Yourself,Middle,365.04
400,Structure,Deep,235.09
401,Security,Bank,359.7
402,Politics,Design,265.95
403,Time,Because,12.01
404,Leader,Throughout,466.85
405,Young,Possible,346.66
406,Rather,Special,301.2
407,Forget,Summer,52.67
408,Three,Magazine,238.77
409,Poor,Wear,32.61
410,Piece,Figure,265.08
411,Available,Over,332.9
412,What,Else,163.12
413,Public,Business,293.0
414,Analysis,Education,162.95
415,Even,Gas,447.15
416,Structure,Certain,167.23
417,Send,Sell,104.35
418,Mind,Student,145.56
419,Can,Six,166.38
420,Join,Middle,226.15
421,Finish,Require,67.65
422,Term,Last,83.17
423,Physical,Such,144.08
424,Generation,Court,17.48
425,Treatment,Step,315.24
426,Even,Suddenly,261.89
427,Then,Guy,111.22
428,Full,Guess,181.66
429,Pull,Practice,166.06
430,Morning,Employee,79.36
431,Time,Million,355.13
432,Evidence,Land,148.8
433,Significant,Receive,129.96
434,Fly,Hope,44.91
435,Where,At,310.5
436,Investment,Better,175.98
437,Guy,Training,227.39
438,Management,Natural,73.74
439,Main,Unit,240.66
440,Series,Care,340.99
441,Your,Full,61.9
442,Buy,Leave,36.36
443,Else,Some,218.97
444,Rise,Understand,97.7
445,Teacher,Language,302.1
446,We,Produce,300.45
447,Property,Staff,419.73
448,Little,Green,352.69
449,Bring,Break,311.99
450,Guy,Identify,163.1
451,Decade,Difficult,410.55
452,Environmental,Pick,359.32
453,Computer,Break,338.73
454,Make,Lose,271.41
455,Morning,Condition,487.1
456,Skin,Manager,380.31
457,Party,Beyond,238.19
458,Development,Speak,74.58
459,Prove,Girl,408.3
460,Thousand,Enter,460.65
461,Contain,Nor,239.46
462,Near,Room,233.24
463,When,Daughter,345.39
464,Time,Job,358.01
465,Majority,Consider,238.04
466,Speech,Nor,123.53
467,Dinner,Better,119.66
468,Child,Trouble,431.94
469,Write,Sing,312.3
470,Stay,You,457.3
471,Standard,Day,202.12
472,Consumer,Field,352.81
473,Sure,Campaign,335.94
474,Management,East,396.5
475,Speak,Still,442.38
476,Huge,Goal,232.11
477,Last,Agent,24.83
478,Full,Cup,242.91
479,Even,Defense,182.21
480,Something,Federal,236.01
481,Similar,Interest,93.69
482,Nor,Actually,386.29
483,Program,Sell,306.18
484,Figure,Material,72.42
485,Career,Foreign,60.44
486,Money,Person,410.6
487,Traditional,Just,400.41
488,Focus,Through,169.68
489,Special,Protect,328.23
490,Phone,Mouth,398.29
491,Speech,Let,271.05
492,Successful,Gas,206.4
493,Figure,Like,212.59
494,Later,Fish,314.23
495,Risk,Race,278.5
496,Focus,Size,487.21
497,Guess,Find,198.07
498,Production,Later,176.95
499,Face,Scene,408.82
500,Raise,Forward,299.58
501,Artist,Fly,394.31
502,Current,Section,223.32
503,Wait,Environment,395.79
504,Show,Nothing,276.82
505,All,Change,125.72
506,Service,Building,334.68
507,Ahead,Myself,48.17
508,Clearly,Throw,466.12
509,Question,Visit,291.35
510,Black,Top,248.45
511,To,Middle,300.16
512,First,Director,236.83
513,East,Possible,281.99
514,If,Open,412.79
515,Just,Receive,96.33
516,General,Cost,478.38
517,Something,Born,44.11
518,Today,Son,63.28
519,Wait,Care,408.89
520,Order,Wall,387.96
521,Finally,Girl,195.67
522,Her,Western,252.2
523,Way,Gas,333.48
524,Whole,Mrs,54.36
525,Defense,Of,410.35
526,Once,Wrong,444.76
527,On,Might,452.6
528,Consider,Market,321.71
529,Dinner,Far,10.09
530,Century,Term,81.9
531,Energy,Among,83.12
532,Focus,We,270.32
533,Strategy,Start,201.09
534,Go,Have,293.19
535,Several,Article,105.88
536,Election,Discover,343.94
537,Discover,Specific,165.13
538,Happy,Attention,289.44
539,Impact,Grow,457.47
540,Key,Attorney,159.23
541,Myself,Despite,472.23
542,Table,Force,223.02
543,Color,South,491.46
544,Cause,Reduce,178.69
545,Staff,Hundred,53.75
546,Sort,Hour,13.98
547,Need,Arm,493.35
548,Place,Offer,208.06
549,Similar,Sea,72.5
550,Southern,Recognize,154.15
551,Just,Just,190.92
552,Team,Future,278.95
553,His,Room,36.03
554,Speech,Kid,354.64
555,Member,President,412.17
556,Religious,Order,186.03
557,Home,Wide,432.01
558,Floor,Laugh,434.18
559,Point,Road,125.27
560,Week,Size,354.09
561,Protect,Discuss,203.19
562,Church,Offer,165.88
563,Red,Military,197.57
564,Accept,Strategy,196.97
565,Store,Exactly,277.11
566,Do,Finally,334.62
567,Thought,Measure,242.69
568,Scene,Usually,102.23
569,Possible,Million,198.45
570,Officer,Bar,463.0
571,A,Drive,421.58
572,Budget,Foot,85.59
573,Defense,Before,498.75
574,Early,Company,338.33
575,Table,Group,75.8
576,Prove,Size,45.16
577,Man,Edge,17.7
578,Purpose,Put,363.46
579,Industry,Suddenly,248.48
580,Baby,Natural,224.0
581,Structure,Thing,495.21
582,Population,Safe,51.49
583,Bank,Win,324.7
584,We,Week,213.77
585,History,Standard,233.45
586,Remember,Push,396.57
587,Loss,Energy,306.17
588,Meet,Everyone,218.6
589,Across,Treat,98.1
590,Bit,Theory,259.61
591,Who,Begin,280.5
592,Foreign,Agree,230.52
593,Under,Language,184.1
594,Behind,Home,101.04
595,Building,Standard,306.24
596,Wish,Low,293.19
597,Bar,The,424.93
598,Heart,Watch,126.01
599,Smile,Central,255.85
600,Sport,Popular,211.31
601,Newspaper,Show,277.62
602,Box,Share,189.82
603,Provide,Pressure,489.33
604,Husband,Yet,288.39
605,Third,Like,355.39
606,Class,Know,65.45
607,Development,Those,245.95
608,Authority,Idea,348.34
609,Health,Hit,79.62
610,Either,Know,368.33
611,Poor,South,491.95
612,Explain,Close,492.0
613,College,Sell,391.65
614,Official,Spring,237.82
615,Back,And,48.33
616,Budget,Under,446.06
617,Help,Know,53.34
618,Offer,Television,241.5
619,Maintain,Moment,373.43
620,Type,Program,480.6
621,Seven,Appear,48.26
622,Wide,Trial,320.51
623,Interview,Eat,401.07
624,Green,Wait,163.12
625,American,Policy,35.86
626,Part,Early,178.34
627,Stand,Difficult,391.48
628,Attack,How,239.75
629,However,Let,261.2
630,Defense,Top,239.92
631,Water,Response,369.57
632,Plan,Message,216.3
633,List,Look,480.68
634,Up,Establish,401.13
635,Public,Foreign,151.71
636,His,Throw,27.31
637,Agency,Beyond,462.2
638,Home,Along,377.22
639,Very,Travel,366.22
640,Leg,Simply,286.22
641,Ten,War,40.09
642,Situation,Return,241.85
643,Police,Operation,92.85
644,Some,Enter,35.29
645,Stock,Degree,495.28
646,Song,Pay,406.36
647,Certain,Manager,315.92
648,Camera,Week,150.54
649,Try,Campaign,50.43
650,Suffer,So,257.74
651,Hospital,Sport,427.21
652,Attack,Sound,146.15
653,American,Brother,74.94
654,Reality,Nature,147.68
655,Wrong,Cultural,430.35
656,Pm,Sea,16.96
657,Onto,Around,64.66
658,Themselves,Week,95.56
659,Best,Actually,299.97
660,Assume,Discover,84.06
661,Allow,Remain,228.86
662,Quickly,Whose,405.84
663,Particular,Who,138.01
664,Top,Face,353.38
665,Evidence,Also,247.61
666,Financial,Prevent,401.69
667,Do,Simply,432.39
668,Administration,Else,178.0
669,Also,Government,51.36
670,Chair,Since,81.08
671,Machine,Someone,467.63
672,Method,Much,85.53
673,Down,Cover,253.01
674,Certainly,Me,496.86
675,Social,Simply,387.48
676,Address,Return,126.59
677,Research,Build,225.69
678,How,Wide,322.41
679,Government,Us,113.32
680,Industry,Mention,369.84
681,Others,Decade,179.09
682,Figure,Right,324.71
683,Child,Show,380.19
684,Likely,Will,66.84
685,Question,Central,92.12
686,Itself,Team,205.38
687,Production,Whole,157.67
688,Current,Argue,375.61
689,On,Development,378.69
690,Across,Base,270.94
691,They,Red,196.1
692,Property,Activity,355.75
693,Never,Leave,242.55
694,Consumer,Industry,81.12
695,Idea,Indicate,436.44
696,Treat,Father,15.81
697,Decade,Wear,464.34
698,World,Least,229.92
699,Community,Scientist,342.46
700,Try,Here,481.26
701,Indeed,Big,344.61
702,Take,Thousand,30.1
703,Light,Young,459.68
704,Key,More,322.34
705,Since,Work,478.53
706,Draw,Example,221.58
707,Run,May,459.84
708,Put,Movie,430.59
709,Black,Street,174.13
710,Begin,Movie,140.87
711,For,Moment,58.16
712,Employee,Sense,330.63
713,Base,Western,201.67
714,Skin,Quality,388.84
715,Ask,Prevent,377.05
716,Low,Manage,369.81
717,Group,Never,298.47
718,Drop,Often,105.51
719,Trade,Music,175.33
720,Picture,Fly,348.24
721,Most,Hard,98.16
722,Treatment,Too,278.33
723,Tonight,Month,339.67
724,Up,Process,417.53
725,Traditional,Sea,15.86
726,Maybe,Share,57.87
727,Bar,Million,60.91
728,Fact,President,228.51
729,Boy,Significant,117.51
730,Exactly,Until,148.82
731,To,Heart,104.61
732,Cultural,Make,21.61
733,Lay,School,55.05
734,Set,Partner,469.87
735,Want,Me,331.74
736,Film,Bed,419.37
737,Center,Bit,475.74
738,Person,Final,322.66
739,Do,Tv,356.96
740,Allow,Place,68.79
741,Study,Before,429.66
742,However,Low,73.65
743,Religious,Whose,331.63
744,Suddenly,Play,450.95
745,Even,Thousand,287.37
746,Side,Finally,483.91
747,I,Keep,449.04
748,View,Audience,350.87
749,Brother,Radio,134.13
750,Father,Trip,238.81
751,Yeah,Population,468.73
752,Decide,Arm,323.0
753,Move,Word,462.12
754,Similar,How,145.43
755,Defense,Perform,219.22
756,These,Section,452.66
757,West,Whatever,387.24
758,Should,Yard,168.47
759,Move,Cost,89.36
760,Turn,Such,46.26
761,Skill,Down,390.78
762,At,Pull,197.57
763,Itself,Series,173.0
764,Modern,Own,39.43
765,First,Suggest,478.25
766,Section,Health,139.69
767,Shake,Big,225.88
768,Center,Against,250.94
769,Rock,Nothing,465.01
770,Now,Trade,309.05
771,She,Range,97.44
772,Physical,Total,251.11
773,These,Several,80.5
774,Form,Statement,386.67
775,When,Simply,117.01
776,Foreign,Which,325.24
777,Turn,Democratic,457.18
778,Approach,Cell,360.55
779,Heart,Sound,60.61
780,No,Minute,45.73
781,Feel,Religious,289.96
782,Realize,Nation,132.79
783,Matter,Information,228.48
784,Event,Including,449.29
785,Employee,Nature,82.94
786,Open,Tough,323.76
787,Street,Large,467.12
788,Past,Occur,335.66
789,Final,Recent,140.55
790,Middle,Police,353.03
791,Understand,Owner,453.26
792,Great,Network,291.57
793,Cell,Fish,262.54
794,Style,Child,470.56
795,Movie,Affect,250.43
796,Perform,Against,223.67
797,Member,Drop,423.58
798,Suddenly,Culture,392.66
799,Than,Year,394.84
800,Color,Image,274.66
801,Reach,Wrong,11.62
802,Focus,Take,477.54
803,Goal,Give,410.81
804,Technology,As,246.21
805,Policy,Put,287.95
806,Low,Drive,468.17
807,While,Appear,185.87
808,Organization,Unit,344.1
809,Only,Free,206.3
810,Yes,Whole,319.81
811,Perform,Challenge,479.82
812,Of,Every,54.43
813,Could,Between,271.97
814,Culture,Big,480.85
815,Wish,Explain,49.42
816,Subject,Someone,235.22
817,Field,Concern,385.59
818,Grow,Among,327.42
819,Hair,Similar,96.54
820,Role,Level,29.27
821,Find,Investment,198.24
822,Agreement,Hour,103.59
823,Should,Three,350.98
824,Rather,Beyond,449.27
825,Writer,Sure,319.0
826,Far,Dog,186.04
827,Civil,Direction,51.58
828,Can,Green,320.07
829,Against,Could,370.31
830,Act,Those,78.57
831,Budget,Order,104.62
832,First,Fear,362.67
833,Provide,Plan,300.54
834,Perhaps,Hour,249.72
835,Popular,Maybe,40.87
836,Instead,Leave,274.87
837,By,Argue,160.79
838,Break,Energy,271.63
839,Sort,Seem,418.78
840,Themselves,Professor,230.16
841,Think,Some,497.96
842,Material,Over,28.15
843,Like,Key,37.47
844,New,Travel,396.01
845,Fund,Risk,30.98
846,Such,Avoid,67.91
847,Far,Allow,405.48
848,Hot,Notice,336.99
849,Detail,Expect,234.6
850,Others,Stop,342.26
851,Single,Year,438.39
852,Think,Project,82.99
853,Range,Response,293.88
854,Almost,Our,463.16
855,Set,Community,28.07
856,Half,Someone,79.38
857,Less,Serious,330.38
858,Score,Performance,240.9
859,President,Mean,459.83
860,Office,Arm,32.44
861,Husband,Fish,353.64
862,If,Spring,73.96
863,Worker,Free,94.4
864,Career,Describe,34.48
865,Six,Nearly,160.6
866,Lawyer,Language,398.91
867,Phone,Occur,233.53
868,Control,Life,93.64
869,Time,Information,299.61
870,Still,Available,410.72
871,Dinner,Character,62.1
872,Economic,Run,253.6
873,Our,Society,401.6
874,Ground,Out,118.08
875,Suddenly,List,404.18
876,Effort,Its,218.84
877,With,Military,407.65
878,Woman,However,491.27
879,Side,Civil,342.41
880,Thing,Build,168.88
881,Across,Provide,488.17
882,Alone,Yard,292.22
883,Skill,Tough,77.29
884,Remain,Deal,419.85
885,Production,Government,398.62
886,Want,First,384.47
887,Care,Program,300.61
888,Real,Full,174.4
889,Half,International,69.17
890,Sing,Social,79.21
891,Have,Author,213.43
892,Year,Fast,351.18
893,Deal,Set,281.17
894,Physical,Dream,224.94
895,Good,Today,463.58
896,Traditional,Camera,29.94
897,Reason,Guy,58.98
898,Cover,Sit,425.21
899,Trial,Decade,310.1
900,Purpose,World,391.05
901,Hope,Reduce,17.66
902,Instead,Whom,248.61
903,Room,Music,13.11
904,Design,Produce,97.91
905,Look,Cut,53.68
906,Thousand,Return,329.36
907,Test,Until,444.59
908,Method,Fly,213.95
909,Relate,Open,405.63
910,Skin,Test,388.56
911,Discover,They,349.26
912,Born,Put,111.02
913,Continue,Part,323.51
914,Technology,Trip,266.31
915,Her,Peace,211.9
916,Coach,Sell,469.66
917,Foreign,Tree,309.16
918,High,Him,28.43
919,Nice,Election,98.2
920,Serve,Wonder,254.94
921,Though,Attorney,475.65
922,Might,Could,317.32
923,Surface,Truth,393.47
924,Almost,While,180.45
925,Can,Apply,12.24
926,Do,Almost,125.46
927,Beyond,Nature,67.58
928,Sing,Space,269.8
929,Teach,Glass,56.89
930,But,Part,187.33
931,At,Win,382.95
932,Light,And,274.46
933,Have,Forget,117.45
934,Campaign,Anyone,387.46
935,Military,Start,333.07
936,Economy,All,145.45
937,Region,Trip,104.92
938,Design,Continue,400.34
939,His,Far,345.77
940,Onto,Body,484.6
941,Deal,Research,242.46
942,Its,Little,96.4
943,Change,Almost,338.37
944,Wait,Dinner,31.13
945,Financial,Interview,325.98
946,There,Sense,149.68
947,Order,Enter,222.99
948,Project,Cover,173.8
949,Control,Usually,404.53
950,Capital,Either,381.62
951,Great,Success,31.23
952,Before,Military,372.8
953,Group,Several,463.18
954,Laugh,Energy,96.18
955,Particularly,Director,394.89
956,For,Bank,247.68
957,Foreign,Democratic,66.87
958,Discussion,Firm,448.59
959,On,Technology,363.49
960,Mission,Property,300.43
961,Various,Church,169.73
962,Officer,Foreign,107.39
963,Maybe,At,341.66
964,Available,Final,169.59
965,Lot,Usually,391.7
966,Work,Produce,169.8
967,Authority,Less,58.05
968,During,Candidate,371.5
969,Game,Suffer,436.24
970,Return,Music,194.01
971,Usually,Page,118.12
972,Politics,Way,240.79
973,Dinner,Meet,247.36
974,Happen,Try,446.34
975,War,The,81.02
976,Same,Increase,464.66
977,Relationship,Commercial,232.95
978,Must,Through,199.79
979,Responsibility,Bad,76.84
980,Pattern,Song,362.71
981,Because,Media,319.69
982,While,Step,488.02
983,Arrive,Us,109.08
984,White,Manager,72.33
985,Hard,Police,349.18
986,Step,Too,39.23
987,Tend,Within,76.89
988,Family,Receive,427.31
989,Nothing,Teacher,234.7
990,Watch,Similar,93.89
991,Spend,Short,178.35
992,Stand,Yourself,444.34
993,Contain,Financial,305.78
994,Give,Should,396.88
995,Lead,Chance,322.62
996,Cold,Your,309.65
997,Set,Quality,93.27
998,When,Poor,485.37
999,Member,Cost,428.95
1000,Different,Billion,52.37
